Cycle,Timestep,"Cumulative Timestep","Time Interval (hrs)","NW 1","NW 2","NW 3","NW 4","NW 5","NW 6","NE 1","NE 2","NE 3","NE 4","NE 5","NE 6","SW 1","SW 2","SW 3","SW 4","SW 5","SW 6","SE 1","SE 2","SE 3","SE 4","SE 5","SE 6"
138B,1,1,9,1,1,1,1,1,1,1,1,1,1,1,1,1,1,1,1,1,1,1,1,1,1,1,1
138B,2,2,24,1,1,1,1,1,1,1,1,1,1,1,1,1,1,1,1,1,1,1,1,1,1,1,1
138B,3,3,24,1,1,1,1,0,0,1,1,0,0,0,0,1,1,1,1,1,0,1,1,1,1,0,0
138B,4,4,24,1,1,1,1,0,0,1,1,0,0,0,0,1,1,1,1,1,0,1,1,1,1,0,0
138B,5,5,24,1,1,1,1,0,0,1,1,0,0,0,0,1,1,1,1,1,0,1,1,1,1,0,0
138B,6,6,24,1,1,1,1,0,0,1,1,0,0,0,0,1,1,1,1,1,0,1,1,1,1,0,0
138B,7,7,24,1,1,1,1,0,0,1,0,0,0,0,0,1,1,1,1,1,0,1,1,1,1,0,0
138B,8,8,24,1,1,1,1,0,0,1,0,0,0,0,0,1,1,1,1,1,0,1,1,1,1,0,0
138B,9,9,24,1,1,1,1,0,0,0,0,0,0,0,0,1,1,1,1,1,0,1,1,1,1,0,0
138B,10,10,24,1,1,1,1,0,0,0,0,0,0,0,0,1,1,1,1,1,0,1,1,1,1,0,0
138B,11,11,24,1,1,1,1,0,0,0,0,0,0,0,0,1,1,1,1,1,0,1,1,1,1,0,0
138B,12,12,24,1,1,1,1,0,0,0,0,0,0,0,0,1,1,1,1,1,0,1,1,1,1,0,0
138B,13,13,24,1,1,1,1,0,0,0,0,0,0,0,0,1,1,1,1,1,0,1,1,1,1,0,0
138B,14,14,24,1,1,1,0,0,0,0,0,0,0,0,0,1,1,1,1,1,0,1,1,1,1,0,0
138B,15,15,24,1,1,1,0,0,0,0,0,0,0,0,0,1,1,1,1,1,0,1,1,1,1,0,0
138B,16,16,24,1,1,1,0,0,0,0,0,0,0,0,0,1,1,1,1,1,0,1,1,1,1,0,0
138B,17,17,24,1,1,1,0,0,0,0,0,0,0,0,0,1,1,1,1,1,0,1,1,1,1,0,0
138B,18,18,24,1,1,1,0,0,0,0,0,0,0,0,0,1,1,1,1,1,0,1,1,1,1,0,0
138B,19,19,24,1,1,1,0,0,0,0,0,0,0,0,0,1,1,1,1,0,0,1,1,1,1,0,0
138B,20,20,24,1,1,1,0,0,0,0,0,0,0,0,0,1,1,1,1,0,0,1,1,1,1,0,0
138B,21,21,24,1,1,1,0,0,0,0,0,0,0,0,0,1,1,1,1,0,0,1,1,1,1,0,0
138B,22,22,24,1,1,1,0,0,0,0,0,0,0,0,0,1,1,1,1,0,0,1,1,1,1,0,0
138B,23,23,24,1,1,0,0,0,0,0,0,0,0,0,0,1,1,1,1,0,0,1,1,1,1,0,0
138B,24,24,24,1,1,0,0,0,0,0,0,0,0,0,0,1,1,1,1,0,0,1,1,1,1,0,0
138B,25,25,24,1,1,0,0,0,0,0,0,0,0,0,0,1,1,1,1,0,0,1,1,0,1,0,0
138B,26,26,24,1,1,0,0,0,0,0,0,0,0,0,0,1,1,1,1,0,0,1,1,0,1,0,0
138B,27,27,24,1,1,0,0,0,0,0,0,0,0,0,0,1,1,1,1,0,0,1,1,0,1,0,0
138B,28,28,24,1,1,0,0,0,0,0,0,0,0,0,0,1,1,1,1,0,0,1,1,0,1,0,0
138B,29,29,24,1,0,0,0,0,0,0,0,0,0,0,0,1,1,1,1,0,0,1,0,0,1,0,0
138B,30,30,24,1,0,0,0,0,0,0,0,0,0,0,0,1,1,1,1,0,0,1,0,0,1,0,0
138B,31,31,24,1,0,0,0,0,0,0,0,0,0,0,0,1,1,1,1,0,0,1,0,0,1,0,0
138B,32,32,24,1,0,0,0,0,0,0,0,0,0,0,0,1,1,1,1,0,0,1,0,0,1,0,0
138B,33,33,24,1,0,0,0,0,0,0,0,0,0,0,0,1,1,1,1,0,0,1,0,0,1,0,0
138B,34,34,24,1,0,0,0,0,0,0,0,0,0,0,0,1,1,0,1,0,0,1,0,0,1,0,0
138B,35,35,24,1,0,0,0,0,0,0,0,0,0,0,0,1,1,0,1,0,0,1,0,0,1,0,0
138B,36,36,24,0,0,0,0,0,0,0,0,0,0,0,0,1,1,0,1,0,0,1,0,0,1,0,0
138B,37,37,24,0,0,0,0,0,0,0,0,0,0,0,0,1,1,0,1,0,0,0,0,0,1,0,0
138B,38,38,24,0,0,0,0,0,0,0,0,0,0,0,0,1,1,0,1,0,0,0,0,0,1,0,0
138B,39,39,24,0,0,0,0,0,0,0,0,0,0,0,0,1,1,0,1,0,0,0,0,0,1,0,0
138B,40,40,24,0,0,0,0,0,0,0,0,0,0,0,0,1,1,0,1,0,0,0,0,0,1,0,0
138B,41,41,24,0,0,0,0,0,0,0,0,0,0,0,0,0,1,0,1,0,0,0,0,0,1,0,0
138B,42,42,24,0,0,0,0,0,0,0,0,0,0,0,0,0,1,0,1,0,0,0,0,0,1,0,0
138B,43,43,24,0,0,0,0,0,0,0,0,0,0,0,0,0,1,0,1,0,0,0,0,0,1,0,0
138B,44,44,24,0,0,0,0,0,0,0,0,0,0,0,0,0,1,0,1,0,0,0,0,0,1,0,0
138B,45,45,24,0,0,0,0,0,0,0,0,0,0,0,0,0,1,0,1,0,0,0,0,0,1,0,0
138B,46,46,24,0,0,0,0,0,0,0,0,0,0,0,0,0,1,0,1,0,0,0,0,0,1,0,0
138B,47,47,24,0,0,0,0,0,0,0,0,0,0,0,0,0,1,0,1,0,0,0,0,0,1,0,0
138B,48,48,24,0,0,0,0,0,0,0,0,0,0,0,0,0,1,0,1,0,0,0,0,0,1,0,0
138B,49,49,9,0,0,0,0,0,0,0,0,0,0,0,0,0,1,0,1,0,0,0,0,0,1,0,0
139A,1,50,8,1,1,1,1,1,1,1,1,1,1,1,1,1,1,1,1,1,1,1,1,1,1,1,1
139A,2,51,24,1,1,1,1,1,1,1,1,0,0,0,0,1,1,1,1,1,0,1,1,1,1,1,1
139A,3,52,24,1,1,1,1,1,1,1,1,0,0,0,0,1,1,1,1,0,0,1,1,1,1,1,1
139A,4,53,24,1,1,1,1,1,1,1,0,0,0,0,0,1,1,1,1,0,0,1,1,1,1,1,0
139A,5,54,24,1,1,1,1,1,1,1,0,0,0,0,0,1,1,1,1,0,0,1,1,1,1,1,0
139A,6,55,24,1,1,1,1,1,1,1,0,0,0,0,0,1,1,1,1,0,0,1,1,1,1,1,0
139A,7,56,24,1,1,1,1,1,1,1,0,0,0,0,0,1,1,1,1,0,0,1,1,1,1,1,0
139A,8,57,24,1,1,1,1,1,1,1,0,0,0,0,0,1,1,0,1,0,0,1,1,1,1,1,0
139A,9,58,24,1,1,1,1,1,1,1,0,0,0,0,0,1,1,0,1,0,0,1,1,1,1,1,0
139A,10,59,24,1,1,1,1,1,1,1,0,0,0,0,0,1,1,0,1,0,0,1,1,1,1,1,0
139A,11,60,24,1,1,1,1,1,1,1,0,0,0,0,0,1,1,0,1,0,0,1,1,1,1,1,0
139A,12,61,24,1,1,1,1,1,1,1,0,0,0,0,0,1,1,0,1,0,0,1,1,1,1,1,0
139A,13,62,24,1,1,1,1,1,1,1,0,0,0,0,0,1,1,0,1,0,0,1,1,1,1,1,0
139A,14,63,24,1,1,1,1,1,1,1,0,0,0,0,0,1,1,0,1,0,0,1,1,1,1,1,0
139A,15,64,24,1,1,1,1,1,1,1,0,0,0,0,0,1,0,0,1,0,0,1,1,1,1,1,0
139A,16,65,24,1,1,1,1,1,1,1,0,0,0,0,0,1,0,0,1,0,0,1,1,1,1,1,0
139A,17,66,24,1,1,1,1,1,1,1,0,0,0,0,0,1,0,0,1,0,0,1,1,1,1,1,0
139A,18,67,24,1,1,1,1,1,1,1,0,0,0,0,0,1,0,0,1,0,0,1,1,1,1,1,0
139A,19,68,24,1,1,1,1,1,1,0,0,0,0,0,0,1,0,0,1,0,0,1,1,1,1,1,0
139A,20,69,24,1,1,1,1,1,1,0,0,0,0,0,0,1,0,0,1,0,0,1,1,1,1,1,0
139A,21,70,24,1,1,1,1,1,1,0,0,0,0,0,0,1,0,0,1,0,0,1,1,1,1,1,0
139A,22,71,24,1,1,1,1,1,1,0,0,0,0,0,0,1,0,0,1,0,0,1,1,1,1,1,0
139A,23,72,24,1,1,1,1,1,1,1,1,1,1,1,1,1,1,1,1,1,1,1,1,1,1,1,1
139A,24,73,24,1,1,1,1,1,1,1,1,1,1,1,1,1,1,1,1,1,1,1,1,1,1,1,1
139A,25,74,24,1,1,1,1,1,1,0,0,0,0,0,0,1,0,0,1,0,0,1,1,1,1,1,0
139A,26,75,24,1,1,1,1,1,1,1,0,0,0,0,0,1,0,0,1,0,0,1,1,1,1,1,0
139A,27,76,24,1,1,1,1,1,0,0,0,0,0,0,0,1,0,0,1,0,0,1,1,1,1,1,0
139A,28,77,24,1,1,1,1,0,0,0,0,0,0,0,0,1,0,0,1,0,0,1,1,1,1,1,0
139A,29,78,24,1,1,1,1,0,0,0,0,0,0,0,0,1,0,0,1,0,0,1,1,1,1,1,0
139A,30,79,24,1,1,1,1,0,0,0,0,0,0,0,0,1,0,0,1,0,0,1,1,1,1,1,0
139A,31,80,24,1,1,1,1,0,0,0,0,0,0,0,0,1,0,0,1,0,0,1,1,1,1,1,0
139A,32,81,24,1,1,1,1,0,0,0,0,0,0,0,1,0,0,0,1,0,0,1,1,1,1,1,0
139A,33,82,24,1,1,1,1,0,0,0,0,0,0,0,1,0,0,0,1,0,0,1,1,1,1,1,0
139A,34,83,24,1,1,1,1,0,0,0,0,0,0,0,1,0,0,0,1,0,0,1,1,1,1,1,0
139A,35,84,24,1,1,1,1,0,0,0,0,0,0,0,1,0,0,0,1,0,0,1,1,1,1,1,0
139A,36,85,24,1,1,1,0,0,0,0,0,0,0,0,1,0,0,0,1,0,0,1,1,1,1,1,0
139A,37,86,24,1,1,1,0,0,0,0,0,0,0,0,1,0,0,0,1,0,0,1,1,1,1,1,0
139A,38,87,24,1,1,1,0,0,0,0,0,0,0,0,1,0,0,0,1,0,0,1,1,1,1,0,0
139A,39,88,24,1,1,1,0,0,0,0,0,0,0,0,1,0,0,0,1,0,0,1,1,1,1,0,0
139A,40,89,24,1,1,0,0,0,0,0,0,0,1,0,1,0,0,0,1,0,0,1,1,1,1,0,0
139A,41,90,24,1,1,0,0,0,0,0,0,0,1,0,1,0,0,0,1,0,0,1,1,1,1,0,0
139A,42,91,24,1,0,0,0,0,0,0,0,0,1,0,1,0,0,0,1,0,0,1,1,1,1,0,0
139A,43,92,24,1,0,0,0,0,0,0,0,0,1,0,1,0,0,0,1,0,0,1,1,1,1,0,0
139A,44,93,24,1,0,0,0,0,0,0,0,0,1,0,1,0,0,0,1,0,0,1,1,1,1,0,0
139A,45,94,24,1,0,0,0,0,0,0,0,0,1,0,1,0,0,0,1,0,0,1,1,0,1,0,0
139A,46,95,24,1,0,0,0,0,0,0,0,0,1,0,1,0,0,0,1,0,0,1,1,0,1,0,0
139A,47,96,24,1,0,0,0,0,0,0,0,0,1,0,1,0,0,0,1,0,0,1,0,0,1,0,0
139A,48,97,24,1,0,0,0,0,0,0,0,0,1,0,1,0,0,0,1,0,0,1,0,0,1,0,0
139A,49,98,24,0,0,0,0,0,0,0,0,0,0,0,0,0,0,0,1,0,0,0,0,0,1,0,0
139A,50,99,24,0,0,0,0,0,0,0,0,0,1,0,1,0,0,0,1,0,0,0,0,0,1,0,0
139A,51,100,24,0,0,0,0,0,0,0,0,0,1,0,1,0,0,0,1,0,0,0,0,0,1,0,0
139A,52,101,24,0,0,0,0,0,0,0,0,0,1,0,1,0,0,0,1,0,0,0,0,0,1,0,0
139A,53,102,24,0,0,0,0,0,0,0,0,0,1,0,1,0,0,0,1,0,0,0,0,0,1,0,0
139A,54,103,24,0,0,0,0,0,0,0,0,0,1,0,0,0,0,0,1,0,0,0,0,0,1,0,0
139A,55,104,24,0,0,0,0,0,0,0,0,0,1,0,0,0,0,0,1,0,0,0,0,0,1,0,0
139A,56,105,9,0,0,0,0,0,0,0,0,0,1,0,0,0,0,0,1,0,0,0,0,0,1,0,0
139B,1,106,8,1,1,1,1,1,1,1,1,1,1,1,1,1,1,1,1,1,1,1,1,1,1,1,1
139B,2,107,24,1,1,1,1,1,0,1,0,0,0,0,0,1,1,1,1,1,1,1,1,1,1,1,1
139B,3,108,24,1,1,1,1,1,0,0,0,0,0,0,0,1,1,1,1,1,1,1,1,1,1,1,1
139B,4,109,24,1,1,1,1,1,0,0,0,0,0,0,0,1,1,1,1,1,1,1,1,1,1,1,1
139B,5,110,24,1,1,1,1,0,0,0,0,0,0,0,0,1,1,1,1,1,1,1,1,1,1,1,1
139B,6,111,24,1,1,1,1,0,0,0,0,0,0,0,0,1,1,1,1,1,0,1,1,1,1,1,1
139B,7,112,24,1,1,1,1,0,0,0,0,0,0,0,0,1,1,1,1,1,0,1,1,1,1,1,1
139B,8,113,24,1,1,1,1,0,0,0,0,0,0,0,0,1,1,1,1,1,0,1,1,1,1,1,1
139B,9,114,24,1,1,1,1,0,0,0,0,0,0,0,0,1,1,1,1,1,0,1,1,1,1,1,1
139B,10,115,24,1,1,1,1,0,0,0,0,0,0,0,0,1,1,1,1,0,0,1,1,1,1,1,1
139B,11,116,24,1,1,1,1,0,0,0,0,0,0,0,0,1,1,1,1,0,0,1,1,1,1,1,1
139B,12,117,24,1,1,1,1,0,0,0,0,0,0,0,0,1,1,1,1,0,0,1,1,1,1,1,1
139B,13,118,24,1,1,1,1,0,0,0,0,0,0,0,0,1,1,1,1,0,0,1,1,1,1,1,1
139B,14,119,24,1,1,1,1,0,0,0,0,0,0,0,0,1,1,1,1,0,0,1,1,1,1,1,1
139B,15,120,24,1,1,1,1,0,0,0,0,0,0,0,0,1,1,1,1,0,0,1,1,1,1,1,1
139B,16,121,24,1,1,1,0,0,0,0,0,0,0,0,0,1,1,1,1,0,0,1,1,1,1,1,1
139B,17,122,24,1,1,1,0,0,0,0,0,0,0,0,0,1,1,1,1,0,0,1,1,1,1,1,1
139B,18,123,24,1,1,1,0,0,0,0,0,0,0,0,0,1,1,0,1,0,0,1,1,1,1,1,1
139B,19,124,24,1,1,0,0,0,0,0,0,0,0,0,0,1,1,0,1,0,0,1,1,1,1,1,1
139B,20,125,24,1,1,0,0,0,0,0,0,0,0,0,0,1,1,0,1,0,0,1,1,1,1,1,1
139B,21,126,24,1,1,0,0,0,0,0,0,0,0,0,0,1,1,0,1,0,0,1,1,1,1,1,1
139B,22,127,24,1,1,0,0,0,0,0,0,0,0,0,0,1,1,0,1,0,0,1,1,1,1,1,0
139B,23,128,24,1,1,0,0,0,0,0,0,0,0,0,0,1,1,0,1,0,0,1,1,1,1,1,0
139B,24,129,24,1,1,0,0,0,0,0,0,0,0,0,0,1,1,0,1,0,0,1,1,1,1,1,0
139B,25,130,24,1,0,0,0,0,0,0,0,0,0,0,0,1,1,0,1,0,0,1,1,1,1,1,0
139B,26,131,24,1,0,0,0,0,0,0,0,0,0,0,0,1,1,0,1,0,0,1,1,1,1,1,0
139B,27,132,24,1,0,0,0,0,0,0,0,0,0,0,0,1,1,0,1,0,0,1,1,1,1,1,0
139B,28,133,24,1,0,0,0,0,0,0,0,0,0,0,0,1,1,0,1,0,0,1,1,1,1,1,0
139B,29,134,24,1,0,0,0,0,0,0,0,0,0,0,0,1,1,0,1,0,0,1,1,1,1,0,0
139B,30,135,24,1,0,0,0,0,0,0,0,0,0,0,0,1,1,0,1,0,0,1,1,1,1,0,0
139B,31,136,24,1,0,0,0,0,0,0,0,0,0,0,0,1,0,0,1,0,0,1,1,1,1,0,0
139B,32,137,24,1,0,0,0,0,0,0,0,0,0,0,0,1,0,0,1,0,0,1,1,1,1,0,0
139B,33,138,7,1,0,0,0,0,0,0,0,0,0,0,0,1,0,0,1,0,0,1,1,1,1,0,0
139B,34,139,1044,1,0,0,0,0,0,0,0,0,0,0,0,1,0,0,1,0,0,1,1,1,1,0,0
139B,35,140,13,1,0,0,0,0,0,0,0,0,0,0,0,1,0,0,1,0,0,1,1,1,1,0,0
139B,36,141,24,0,0,0,0,0,0,0,0,0,0,0,0,1,0,0,1,0,0,1,1,1,1,0,0
139B,37,142,24,0,0,0,0,0,0,0,0,0,0,0,0,0,0,0,1,0,0,1,1,1,1,0,0
139B,38,143,24,0,0,0,0,0,0,0,0,0,0,0,0,0,0,0,1,0,0,1,1,1,1,0,0
139B,39,144,24,0,0,0,0,0,0,0,0,0,0,0,0,0,0,0,1,0,0,1,1,1,1,0,0
139B,40,145,24,0,0,0,0,0,0,0,0,0,0,0,0,0,0,0,1,0,0,1,1,0,1,0,0
139B,41,146,24,0,0,0,0,0,0,0,0,0,0,0,0,0,0,0,1,0,0,1,1,0,1,0,0
139B,42,147,24,0,0,0,0,0,0,0,0,0,0,0,0,0,0,0,1,0,0,1,0,0,1,0,0
139B,43,148,24,0,0,0,0,0,0,0,0,0,0,0,0,0,0,0,1,0,0,1,0,0,1,0,0
139B,44,149,24,0,0,0,0,0,0,0,0,0,0,0,0,0,0,0,1,0,0,1,0,0,1,0,0
139B,45,150,24,0,0,0,0,0,0,0,0,0,0,0,0,0,0,0,1,0,0,0,0,0,1,0,0
139B,46,151,24,0,0,0,0,0,0,0,0,0,0,0,0,0,0,0,1,0,0,0,0,0,1,0,0
139B,47,152,24,0,0,0,0,0,0,0,0,0,0,0,0,0,0,0,1,0,0,0,0,0,1,0,0
139B,48,153,24,0,0,0,0,0,0,0,0,0,0,0,0,0,0,0,1,0,0,0,0,0,1,0,0
139B,49,154,24,0,0,0,0,0,0,0,0,0,0,0,0,0,0,0,1,0,0,0,0,0,1,0,0
139B,50,155,24,0,0,0,0,0,0,0,0,0,0,0,0,0,0,0,1,0,0,0,0,0,1,0,0
139B,51,156,24,0,0,0,0,0,0,0,0,0,0,0,0,0,0,0,1,0,0,0,0,0,1,0,0
139B,52,157,24,0,0,0,0,0,0,0,0,0,0,0,0,0,0,0,1,0,0,0,0,0,1,0,0
139B,53,158,24,0,0,0,0,0,0,0,0,0,0,0,0,0,0,0,1,0,0,0,0,0,1,0,0
139B,54,159,24,0,0,0,0,0,0,0,0,0,0,0,0,0,0,0,1,0,0,0,0,0,1,0,0
139B,55,160,21,0,0,0,0,0,0,0,0,0,0,0,0,0,0,0,1,0,0,0,0,0,1,0,0
140A,1,161,8,1,1,1,1,1,1,1,1,1,1,1,1,1,1,1,1,1,1,1,1,1,1,1,1
140A,2,162,24,1,1,1,1,1,0,0,1,0,0,0,0,1,1,1,1,1,0,1,1,1,1,1,1
140A,3,163,24,1,1,1,1,1,0,0,0,0,0,0,0,1,1,1,1,1,0,1,1,1,1,1,1
140A,4,164,24,1,1,1,1,1,0,0,0,0,0,0,0,1,1,1,1,1,0,1,1,1,1,1,1
140A,5,165,24,1,1,1,1,1,0,0,0,0,0,0,0,1,1,1,1,1,0,1,1,1,1,1,1
140A,6,166,24,1,1,1,1,1,0,0,0,0,0,0,0,1,1,1,1,0,0,1,1,1,1,1,1
140A,7,167,24,1,1,1,1,1,0,0,0,0,0,0,0,1,1,1,1,0,0,1,1,1,1,1,1
140A,8,168,24,1,1,1,1,1,0,0,0,0,0,0,0,1,1,1,1,0,0,1,1,1,1,1,1
140A,9,169,24,1,1,1,1,1,0,0,0,0,0,0,0,1,1,1,1,0,0,1,1,1,1,1,1
140A,10,170,24,1,1,1,1,1,0,0,0,0,0,0,0,1,1,1,1,0,0,1,1,1,1,1,1
140A,11,171,24,1,1,1,1,1,0,0,0,0,0,0,0,1,1,0,1,0,0,1,1,1,1,1,0
140A,12,172,24,1,1,1,1,1,0,0,0,0,0,0,0,1,1,0,1,0,0,1,1,1,1,1,0
140A,13,173,24,1,1,1,1,1,0,0,0,0,0,0,0,1,1,0,1,0,0,1,1,1,1,1,0
140A,14,174,24,1,1,1,1,1,0,0,0,0,0,0,0,1,1,0,1,0,0,1,1,1,1,1,0
140A,15,175,24,1,1,1,1,1,0,0,0,0,0,0,0,1,1,0,1,0,0,1,1,1,1,1,0
140A,16,176,24,1,1,1,1,1,0,0,0,0,0,0,0,1,1,0,1,0,0,1,1,1,1,1,0
140A,17,177,24,1,1,1,1,1,0,0,0,0,0,0,0,1,1,0,1,0,0,1,1,1,1,1,0
140A,18,178,24,1,1,1,1,1,0,0,0,0,0,0,0,1,1,0,1,0,0,1,1,1,1,1,0
140A,19,179,24,1,1,1,1,1,0,0,0,0,0,0,0,1,1,0,1,0,0,1,1,1,1,1,0
140A,20,180,24,1,1,1,1,0,0,0,0,0,0,0,0,1,0,0,1,0,0,1,1,1,1,1,0
140A,21,181,24,1,1,1,1,0,0,0,0,0,0,0,0,1,0,0,1,0,0,1,1,1,1,1,0
140A,22,182,24,1,1,1,1,0,0,0,0,0,0,0,0,1,0,0,1,0,0,1,1,1,1,1,0
140A,23,183,24,1,1,1,1,0,0,0,0,0,0,0,0,1,0,0,1,0,0,1,1,1,1,1,0
140A,24,184,24,1,1,1,1,0,0,0,0,0,0,0,0,1,0,0,1,0,0,1,1,1,1,1,0
140A,25,185,24,1,1,1,1,0,0,0,0,0,0,0,0,1,0,0,1,0,0,1,1,1,1,1,0
140A,26,186,24,1,1,1,1,0,0,0,0,0,0,0,0,1,0,0,1,0,0,1,1,1,1,0,0
140A,27,187,24,1,1,1,1,0,0,0,0,0,0,0,0,1,0,0,1,0,0,1,1,1,1,0,0
140A,28,188,24,1,1,1,1,0,0,0,0,0,0,0,0,1,0,0,1,0,0,1,1,1,1,0,0
140A,29,189,24,1,1,1,0,0,0,0,0,0,0,0,0,0,0,0,1,0,0,1,1,1,1,0,0
140A,30,190,24,1,1,1,0,0,0,0,0,0,0,0,0,0,0,0,1,0,0,1,1,1,1,0,0
140A,31,191,24,1,1,1,0,0,0,0,0,0,0,0,0,0,0,0,1,0,0,1,1,1,1,0,0
140A,32,192,24,1,1,0,0,0,0,0,0,0,0,0,0,0,0,0,1,0,0,1,1,1,1,0,0
140A,33,193,24,1,1,0,0,0,0,0,0,0,0,0,0,0,0,0,1,0,0,1,1,1,1,0,0
140A,34,194,24,1,1,0,0,0,0,0,0,0,0,0,0,0,0,0,1,0,0,1,1,1,1,0,0
140A,35,195,24,1,1,0,0,0,0,0,0,0,0,0,0,0,0,0,1,0,0,1,1,0,1,0,0
140A,36,196,24,1,1,0,0,0,0,0,0,0,0,0,0,0,0,0,1,0,0,1,1,0,1,0,0
140A,37,197,24,1,1,0,0,0,0,0,0,0,0,0,0,0,0,0,1,0,0,1,1,0,1,0,0
140A,38,198,24,1,0,0,0,0,0,0,0,0,0,0,0,0,0,0,1,0,0,1,1,0,1,0,0
140A,39,199,24,1,0,0,0,0,0,0,0,0,0,0,0,0,0,0,1,0,0,1,0,0,1,0,0
140A,40,200,24,1,0,0,0,0,0,0,0,0,0,0,0,0,0,0,1,0,0,1,0,0,1,0,0
140A,41,201,24,1,0,0,0,0,0,0,0,0,0,0,0,0,0,0,1,0,0,1,0,0,1,0,0
140A,42,202,24,0,0,0,0,0,0,0,0,0,0,0,0,0,0,0,1,0,0,1,0,0,1,0,0
140A,43,203,24,0,0,0,0,0,0,0,0,0,0,0,0,0,0,0,1,0,0,1,0,0,1,0,0
140A,44,204,24,0,0,0,0,0,0,0,0,0,0,0,0,0,0,0,1,0,0,1,0,0,1,0,0
140A,45,205,24,0,0,0,0,0,0,0,0,0,0,0,0,0,0,0,1,0,0,0,0,0,1,0,0
140A,46,206,24,0,0,0,0,0,0,0,0,0,0,0,0,0,0,0,1,0,0,0,0,0,1,0,0
140A,47,207,24,0,0,0,0,0,0,0,0,0,0,0,0,0,0,0,1,0,0,0,0,0,1,0,0
140A,48,208,11,0,0,0,0,0,0,0,0,0,0,0,0,0,0,0,1,0,0,0,0,0,1,0,0
140B,1,209,8,1,1,1,1,1,1,1,1,1,1,1,1,1,1,1,1,1,1,1,1,1,1,1,1
140B,2,210,24,0,1,1,1,1,0,1,1,1,1,1,0,1,0,0,1,0,0,1,1,1,1,1,1
140B,3,211,24,0,1,1,1,1,0,0,1,1,0,0,0,0,0,0,1,0,0,1,1,1,1,1,0
140B,4,212,24,0,1,1,1,1,0,0,1,1,0,0,0,0,0,0,1,0,0,1,1,1,1,1,0
140B,5,213,24,0,1,1,1,1,0,0,1,1,0,0,0,0,0,0,1,0,0,1,1,1,1,1,0
140B,6,214,24,0,1,1,1,1,0,0,1,1,0,0,0,0,0,0,1,0,0,1,1,1,1,1,0
140B,7,215,24,0,1,1,1,1,0,0,1,1,0,0,0,0,0,0,1,0,0,1,1,1,1,1,0
140B,8,216,24,0,1,1,1,1,0,0,1,1,0,0,0,0,0,0,1,0,0,1,1,1,1,1,0
140B,9,217,24,0,1,1,1,0,0,0,1,1,0,0,0,0,0,0,1,0,0,1,1,1,1,0,0
140B,10,218,24,0,1,1,0,0,0,0,1,1,0,0,0,0,0,0,1,0,0,1,1,1,1,0,0
140B,11,219,24,0,1,1,0,0,0,0,1,1,0,0,0,0,0,0,1,0,0,1,1,1,1,0,0
140B,12,220,24,0,1,1,0,0,0,0,1,1,0,0,0,0,0,0,1,0,0,1,1,1,1,0,0
140B,13,221,24,0,1,1,0,0,0,0,1,1,0,0,0,0,0,0,1,0,0,1,1,0,1,0,0
140B,14,222,24,0,1,1,0,0,0,0,1,1,0,0,0,0,0,0,1,0,0,1,1,0,1,0,0
140B,15,223,24,0,1,1,0,0,0,0,1,1,0,0,0,0,0,0,1,0,0,1,1,0,1,0,0
140B,16,224,24,0,1,1,0,0,0,0,1,1,0,0,0,0,0,0,1,0,0,1,1,0,1,0,0
140B,17,225,24,0,1,1,0,0,0,0,1,1,0,0,0,0,0,0,1,0,0,1,1,0,1,0,0
140B,18,226,24,0,1,0,0,0,0,0,1,1,0,0,0,0,0,0,1,0,0,1,1,0,1,0,0
140B,19,227,24,0,1,0,0,0,0,0,1,1,0,0,0,0,0,0,1,0,0,1,1,0,1,0,0
140B,20,228,24,0,1,0,0,0,0,0,1,1,0,0,0,0,0,0,1,0,0,1,1,0,1,0,0
140B,21,229,24,0,1,0,0,0,0,0,1,1,0,0,0,0,0,0,1,0,0,1,1,0,1,0,0
140B,22,230,24,0,1,0,0,0,0,0,1,1,0,0,0,0,0,0,1,0,0,1,1,0,1,0,0
140B,23,231,24,0,1,0,0,0,0,0,1,1,0,0,0,0,0,0,1,0,0,1,1,0,1,0,0
140B,24,232,24,0,1,0,0,0,0,0,1,1,0,0,0,0,0,0,1,0,0,1,1,0,1,0,0
140B,25,233,24,0,1,0,0,0,0,0,0,1,0,0,0,0,0,0,1,0,0,1,1,0,1,0,0
140B,26,234,19,0,1,0,0,0,0,0,0,0,0,0,0,0,0,0,1,0,0,1,1,0,1,0,0
140B,27,235,185,0,1,0,0,0,0,0,0,0,0,0,0,0,0,0,1,0,0,1,1,0,1,0,0
140B,28,236,11,0,1,0,0,0,0,0,0,0,0,0,0,0,0,0,1,0,0,1,1,0,1,0,0
140B,29,237,24,0,1,0,0,0,0,0,0,0,0,0,0,0,0,0,1,0,0,1,0,0,1,0,0
140B,30,238,24,0,1,0,0,0,0,0,0,0,0,0,0,0,0,0,1,0,0,1,0,0,1,0,0
140B,31,239,24,0,1,0,0,0,0,0,0,0,0,0,0,0,0,0,1,0,0,1,0,0,1,0,0
140B,32,240,24,0,0,0,0,0,0,0,0,0,0,0,0,0,0,0,1,0,0,1,0,0,1,0,0
140B,33,241,24,0,0,0,0,0,0,0,0,0,0,0,0,0,0,0,1,0,0,0,0,0,1,0,0
140B,34,242,24,0,0,0,0,0,0,0,0,0,0,0,0,0,0,0,1,0,0,0,0,0,1,0,0
140B,35,243,24,0,0,0,0,0,0,0,0,0,0,0,0,0,0,0,1,0,0,0,0,0,1,0,0
140B,36,244,24,0,0,0,0,0,0,0,0,0,0,0,0,0,0,0,1,0,0,0,0,0,1,0,0
140B,37,245,13,0,0,0,0,0,0,0,0,0,0,0,0,0,0,0,1,0,0,0,0,0,1,0,0
141A,1,246,8,1,1,1,1,1,1,1,1,1,1,1,1,1,1,1,1,1,1,1,1,1,1,1,1
141A,2,247,24,1,1,1,1,1,0,1,1,0,0,0,0,1,1,0,1,0,0,1,1,1,1,1,0
141A,3,248,24,1,1,1,1,1,0,1,0,0,0,0,0,1,0,0,1,0,0,1,1,1,1,1,0
141A,4,249,24,1,1,1,1,1,1,1,0,0,0,0,0,1,0,0,1,0,0,1,1,1,1,1,0
141A,5,250,24,1,1,1,1,1,1,1,0,0,0,0,0,1,0,0,1,0,0,1,1,1,1,1,0
141A,6,251,24,1,1,1,1,1,1,1,0,0,0,0,0,0,0,0,1,0,0,1,1,1,1,1,0
141A,7,252,24,1,1,1,1,1,1,1,0,0,0,0,0,0,0,0,1,0,0,1,1,1,1,1,0
141A,8,253,24,1,1,1,1,1,1,1,0,0,0,0,0,0,0,0,1,0,0,1,1,1,1,1,0
141A,9,254,24,1,1,1,1,1,1,1,0,0,0,0,0,0,0,0,1,0,0,1,1,1,1,1,0
141A,10,255,24,1,1,1,1,1,1,1,0,0,0,0,0,0,0,0,1,0,0,1,1,1,1,1,0
141A,11,256,24,1,1,1,1,1,1,1,0,0,0,0,0,0,0,0,1,0,0,1,1,1,1,1,0
141A,12,257,24,1,1,1,1,1,1,1,0,0,0,0,0,0,0,0,1,0,0,1,1,1,1,1,0
141A,13,258,24,1,1,1,1,1,1,1,0,0,0,0,0,0,0,0,1,0,0,1,1,1,1,1,0
141A,14,259,24,1,1,1,1,1,1,1,0,0,0,0,0,0,0,0,1,0,0,1,1,1,1,1,0
141A,15,260,24,1,1,1,1,1,1,1,0,0,0,0,0,0,0,0,1,0,0,1,1,1,1,1,0
141A,16,261,24,1,1,1,1,1,1,1,0,0,0,0,0,0,0,0,1,0,0,1,1,1,1,0,0
141A,17,262,24,1,1,1,1,1,1,1,0,0,0,0,0,0,0,0,1,0,0,1,1,1,1,0,0
141A,18,263,24,1,1,1,1,1,1,1,0,0,0,0,0,0,0,0,1,0,0,1,1,1,1,0,0
141A,19,264,24,1,1,1,1,1,0,0,0,0,0,0,0,0,0,0,1,0,0,1,1,1,1,0,0
141A,20,265,24,1,1,1,1,0,0,0,0,0,0,0,0,0,0,0,1,0,0,1,1,1,1,0,0
141A,21,266,24,1,1,1,1,0,0,0,0,0,0,0,0,0,0,0,1,0,0,1,1,1,1,0,0
141A,22,267,24,1,1,1,1,0,0,0,0,0,0,0,0,0,0,0,1,0,0,1,1,1,1,0,0
141A,23,268,24,1,1,1,1,0,0,0,0,0,0,0,0,0,0,0,1,0,0,1,1,1,1,0,0
141A,24,269,24,1,1,1,1,0,0,0,0,0,0,0,0,0,0,0,1,0,0,1,1,1,1,0,0
141A,25,270,24,1,1,1,1,0,0,0,0,0,0,0,0,0,0,0,1,0,0,1,1,1,1,0,0
141A,26,271,24,1,1,1,1,0,0,0,0,0,0,0,0,0,0,0,1,0,0,1,1,1,1,0,0
141A,27,272,24,1,1,1,1,0,0,0,0,0,0,0,0,0,0,0,1,0,0,1,1,1,1,0,0
141A,28,273,24,1,1,0,0,0,0,0,0,0,0,0,0,0,0,0,1,0,0,1,1,1,1,0,0
141A,29,274,24,1,1,0,0,0,0,0,0,0,0,0,0,0,0,0,1,0,0,1,1,1,1,0,0
141A,30,275,24,1,0,0,0,0,0,0,0,0,0,0,0,0,0,0,1,0,0,1,1,1,1,0,0
141A,31,276,24,1,0,0,0,0,0,0,0,0,0,0,0,0,0,0,1,0,0,1,1,1,1,0,0
141A,32,277,24,1,0,0,0,0,0,0,0,0,0,0,0,0,0,0,1,0,0,1,1,0,1,0,0
141A,33,278,24,1,0,0,0,0,0,0,0,0,0,0,0,0,0,0,1,0,0,1,1,0,1,0,0
141A,34,279,7,1,0,0,0,0,0,0,0,0,0,0,0,0,0,0,1,0,0,1,1,0,1,0,0
142A,1,280,8,1,1,1,1,1,1,1,1,1,1,1,1,1,1,1,1,1,1,1,1,1,1,1,1
142A,2,281,24,1,1,1,1,1,0,1,1,1,1,0,0,1,1,1,1,1,1,1,1,1,1,1,0
142A,3,282,24,1,1,1,1,0,0,1,1,1,1,0,0,1,1,1,1,1,1,1,1,1,1,1,0
142A,4,283,24,1,1,1,1,0,0,1,1,1,1,1,0,1,1,1,1,1,1,1,1,1,1,1,0
142A,5,284,24,1,1,1,1,0,0,1,1,1,1,1,0,1,1,1,1,1,1,1,1,1,1,1,0
142A,6,285,24,1,1,1,1,0,0,1,1,1,1,1,0,1,1,1,1,1,1,1,1,1,1,1,0
142A,7,286,25,1,1,1,1,0,0,1,1,1,1,1,0,1,1,1,1,1,0,1,1,1,1,1,0
142A,8,287,24,1,1,1,1,0,0,1,1,1,1,1,0,1,1,1,1,1,0,1,1,1,1,1,0
142A,9,288,24,1,1,1,1,0,0,1,1,1,1,1,0,1,1,1,1,1,0,1,1,1,1,1,0
142A,10,289,24,1,1,1,1,0,0,1,1,1,1,1,0,1,1,1,1,1,0,1,1,1,1,1,0
142A,11,290,24,1,1,1,1,0,0,1,1,1,1,0,0,1,1,1,1,1,0,1,1,1,1,1,0
142A,12,291,24,1,1,1,1,0,0,1,1,1,1,0,0,1,1,1,1,1,0,1,1,1,1,1,0
142A,13,292,24,1,1,1,1,0,0,1,1,1,1,0,0,1,1,1,1,1,0,1,1,1,1,1,0
142A,14,293,24,1,1,1,1,0,0,1,1,1,1,0,0,1,1,1,1,1,0,1,1,1,1,1,0
142A,15,294,24,1,1,1,1,0,0,1,1,1,1,0,0,1,1,1,1,0,0,1,1,1,1,1,0
142A,16,295,24,1,1,1,1,0,0,1,1,1,0,0,0,1,1,1,1,0,0,1,1,1,1,1,0
142A,17,296,24,1,1,1,1,0,0,1,1,1,0,0,0,1,1,0,1,0,0,1,1,1,1,1,0
142A,18,297,24,1,1,1,1,0,0,1,1,1,0,0,0,1,1,0,1,0,0,1,1,1,1,1,0
142A,19,298,24,1,1,1,1,0,0,1,1,1,0,0,0,1,1,0,1,0,0,1,1,1,1,1,0
142A,20,299,24,1,1,1,1,0,0,1,1,0,0,0,0,1,1,0,1,0,0,1,1,1,1,1,0
142A,21,300,24,1,1,1,1,0,0,1,1,0,0,0,0,1,1,0,1,0,0,1,1,1,1,1,0
142A,22,301,24,1,1,1,1,0,0,1,1,0,0,0,0,1,1,0,1,0,0,1,1,1,1,1,0
142A,23,302,24,1,1,1,1,0,0,1,1,0,0,0,0,1,0,0,1,0,0,1,1,1,1,1,0
142A,24,303,24,1,1,1,1,0,0,1,1,0,0,0,0,1,0,0,1,0,0,1,1,1,1,1,0
142A,25,304,24,1,1,1,1,0,0,1,1,0,0,0,0,0,0,0,1,0,0,1,1,1,1,1,0
142A,26,305,24,1,1,1,1,0,0,1,1,0,0,0,0,0,0,0,1,0,0,1,1,1,1,1,0
142A,27,306,24,1,1,1,1,0,0,1,1,0,0,0,0,0,0,0,1,0,0,1,1,1,1,1,0
142A,28,307,24,1,1,1,1,0,0,1,1,0,0,0,0,0,0,0,1,0,0,1,1,1,1,1,0
142A,29,308,24,1,1,1,1,0,0,1,1,0,0,0,0,0,0,0,1,0,0,1,1,1,1,1,0
142A,30,309,24,1,1,1,1,0,0,1,0,0,0,0,0,0,0,0,1,0,0,1,1,1,1,1,0
142A,31,310,25,1,1,1,0,0,0,1,0,0,0,0,0,0,0,0,1,0,0,1,1,1,1,1,0
142A,32,311,24,1,1,1,0,0,0,1,0,0,0,0,0,0,0,0,1,0,0,1,1,1,1,1,0
142A,33,312,20,1,1,1,0,0,0,1,0,0,0,0,0,0,0,0,1,0,0,1,1,1,1,1,0
142A,34,313,17,1,1,1,0,0,0,1,0,0,0,0,0,0,0,0,1,0,0,1,1,1,1,1,0
142A,35,314,11,1,1,1,0,0,0,1,0,0,0,0,0,0,0,0,1,0,0,1,1,1,1,1,0
142A,36,315,24,1,1,1,0,0,0,1,0,0,0,0,0,0,0,0,1,0,0,1,1,1,1,1,0
142A,37,316,24,1,1,1,0,0,0,1,0,0,0,0,0,0,0,0,1,0,0,1,1,1,1,0,0
142A,38,317,24,1,1,1,0,0,0,1,0,0,0,0,0,0,0,0,1,0,0,1,1,1,1,0,0
142A,39,318,24,1,1,0,0,0,0,1,0,0,0,0,0,0,0,0,1,0,0,1,1,1,1,0,0
142A,40,319,24,1,1,0,0,0,0,1,0,0,0,0,0,0,0,0,1,0,0,1,1,1,1,0,0
142A,41,320,24,1,1,0,0,0,0,1,0,0,0,0,0,0,0,0,1,0,0,1,1,0,1,0,0
142A,42,321,24,1,1,0,0,0,0,1,0,0,0,0,0,0,0,0,1,0,0,1,1,0,1,0,0
142A,43,322,24,1,0,0,0,0,0,0,0,0,0,0,0,0,0,0,1,0,0,1,1,0,1,0,0
142A,44,323,24,1,0,0,0,0,0,0,0,0,0,0,0,0,0,0,1,0,0,1,1,0,1,0,0
142A,45,324,24,1,0,0,0,0,0,0,0,0,0,0,0,0,0,0,1,0,0,1,0,0,1,0,0
142A,46,325,24,1,0,0,0,0,0,0,0,0,0,0,0,0,0,0,1,0,0,1,0,0,1,0,0
142A,47,326,24,1,0,0,0,0,0,0,0,0,0,0,0,0,0,0,1,0,0,1,0,0,1,0,0
142A,48,327,24,0,0,0,0,0,0,0,0,0,0,0,0,0,0,0,1,0,0,1,0,0,1,0,0
142A,49,328,24,0,0,0,0,0,0,0,0,0,0,0,0,0,0,0,1,0,0,1,0,0,1,0,0
142A,50,329,24,0,0,0,0,0,0,0,0,0,0,0,0,0,0,0,1,0,0,0,0,0,1,0,0
142A,51,330,15,0,0,0,0,0,0,0,0,0,0,0,0,0,0,0,1,0,0,0,0,0,1,0,0
142B,1,331,8,1,1,1,1,1,1,1,1,1,1,1,1,1,1,1,1,1,1,1,1,1,1,1,1
142B,2,332,24,1,1,1,1,1,1,1,1,1,1,0,0,1,1,1,1,1,0,1,1,1,1,1,1
142B,3,333,24,1,1,1,1,1,1,1,1,1,1,0,0,1,1,1,1,1,0,1,1,1,1,1,1
142B,4,334,45,1,1,1,1,1,1,1,1,1,1,0,0,1,1,1,1,1,0,1,1,1,1,1,1
142B,5,335,13,1,1,1,1,1,1,1,1,1,1,0,0,1,1,1,1,1,0,1,1,1,1,1,1
142B,6,336,24,1,1,1,1,1,1,1,1,1,1,0,0,1,1,1,1,1,0,1,1,1,1,1,0
142B,7,337,24,1,1,1,1,1,1,1,1,1,1,0,0,1,1,1,1,1,0,1,1,1,1,1,0
142B,8,338,24,1,1,1,1,1,1,1,1,1,1,0,0,1,1,1,1,1,0,1,1,1,1,1,0
142B,9,339,24,1,1,1,1,1,1,1,1,1,1,0,0,1,1,1,1,1,0,1,1,1,1,0,0
142B,10,340,24,1,1,1,1,1,1,1,1,1,1,0,0,1,1,1,1,1,0,1,1,1,1,0,0
142B,11,341,24,1,1,1,1,1,1,1,1,1,1,0,0,1,1,1,1,1,0,1,1,1,1,0,0
142B,12,342,24,1,1,1,1,1,1,1,1,1,1,0,0,1,1,1,1,1,0,1,1,1,1,0,0
142B,13,343,24,1,1,1,1,1,1,1,1,1,1,0,0,1,1,1,1,1,0,1,1,1,1,0,0
142B,14,344,24,1,1,1,1,1,1,1,1,1,1,0,0,1,1,1,1,1,0,1,1,1,1,0,0
142B,15,345,24,1,1,1,1,1,0,1,1,1,1,0,0,1,1,1,1,0,0,1,1,0,1,0,0
142B,16,346,24,1,1,1,1,1,0,1,1,1,1,0,0,1,1,1,1,0,0,1,1,0,1,0,0
142B,17,347,24,1,1,1,1,0,0,1,1,1,1,0,0,1,1,1,1,0,0,1,1,0,1,0,0
142B,18,348,24,1,1,1,1,0,0,1,1,1,1,0,0,1,1,1,1,0,0,1,1,0,1,0,0
142B,19,349,24,1,1,1,1,0,0,1,1,1,1,0,0,1,1,1,1,0,0,1,1,0,1,0,0
142B,20,350,24,1,1,1,1,0,0,1,1,1,1,0,0,1,1,1,1,0,0,1,1,0,1,0,0
142B,21,351,24,1,1,1,1,0,0,1,1,1,1,0,0,1,1,1,1,0,0,1,1,0,1,0,0
142B,22,352,24,1,1,1,1,0,0,1,1,1,1,0,0,1,1,1,1,0,0,1,1,0,1,0,0
142B,23,353,24,1,1,1,1,0,0,1,1,1,0,0,0,1,1,1,1,0,0,1,1,0,1,0,0
142B,24,354,24,1,1,1,1,0,0,1,1,1,0,0,0,1,1,1,1,0,0,1,1,0,1,0,0
142B,25,355,24,1,1,1,0,0,0,1,1,1,0,0,0,1,1,1,1,0,0,1,1,0,1,0,0
142B,26,356,24,1,1,1,0,0,0,1,1,1,0,0,0,1,1,1,1,0,0,1,1,0,1,0,0
142B,27,357,24,1,1,1,0,0,0,1,1,0,0,0,0,1,1,1,1,0,0,1,1,0,1,0,0
142B,28,358,24,1,1,1,0,0,0,1,1,0,0,0,0,1,1,1,1,0,0,1,1,0,1,0,0
142B,29,359,24,1,1,1,0,0,0,1,1,0,0,0,0,1,1,1,1,0,0,1,1,0,1,0,0
142B,30,360,24,1,1,1,0,0,0,1,1,0,0,0,0,1,1,1,1,0,0,1,1,0,1,0,0
142B,31,361,24,1,1,1,0,0,0,1,1,0,0,0,0,1,1,1,1,0,0,1,1,0,1,0,0
142B,32,362,31,1,1,0,0,0,0,1,1,0,0,0,0,1,1,0,1,0,0,1,1,0,1,0,0
142B,33,363,46,1,1,0,0,0,0,1,1,0,0,0,0,1,1,0,1,0,0,1,1,0,1,0,0
142B,34,364,11,1,1,0,0,0,0,1,1,0,0,0,0,1,1,0,1,0,0,1,1,0,1,0,0
142B,35,365,24,1,1,0,0,0,0,1,1,0,0,0,0,1,1,0,1,0,0,1,1,0,1,0,0
142B,36,366,24,1,1,0,0,0,0,1,1,0,0,0,0,1,1,0,1,0,0,1,1,0,1,0,0
142B,37,367,24,1,1,0,0,0,0,1,1,0,0,0,0,1,1,0,1,0,0,1,1,0,1,0,0
142B,38,368,24,1,1,0,0,0,0,1,1,0,0,0,0,1,1,0,1,0,0,1,1,0,1,0,0
142B,39,369,24,1,1,0,0,0,0,1,1,0,0,0,0,1,1,0,1,0,0,1,1,0,1,0,0
142B,40,370,24,1,1,0,0,0,0,1,1,0,0,0,0,1,0,0,1,0,0,1,1,0,1,0,0
142B,41,371,24,1,1,0,0,0,0,1,1,0,0,0,0,1,0,0,1,0,0,1,1,0,1,0,0
142B,42,372,24,1,1,0,0,0,0,1,1,0,0,0,0,1,0,0,1,0,0,1,1,0,1,0,0
142B,43,373,24,1,1,0,0,0,0,1,1,0,0,0,0,1,0,0,1,0,0,1,1,0,1,0,0
142B,44,374,24,1,1,0,0,0,0,1,1,0,0,0,0,0,0,0,1,0,0,0,0,0,1,0,0
142B,45,375,24,1,1,0,0,0,0,1,1,0,0,0,0,0,0,0,1,0,0,0,0,0,1,0,0
142B,46,376,24,1,1,0,0,0,0,1,1,0,0,0,0,0,0,0,1,0,0,0,0,0,1,0,0
142B,47,377,24,1,1,0,0,0,0,1,1,0,0,0,0,0,0,0,1,0,0,0,0,0,1,0,0
142B,48,378,24,1,1,0,0,0,0,1,1,0,0,0,0,0,0,0,1,0,0,0,0,0,1,0,0
142B,49,379,24,1,1,0,0,0,0,1,1,0,0,0,0,0,0,0,1,0,0,0,0,0,1,0,0
142B,50,380,24,1,1,0,0,0,0,1,1,0,0,0,0,0,0,0,1,0,0,0,0,0,1,0,0
142B,51,381,24,1,1,0,0,0,0,1,0,0,0,0,0,0,0,0,1,0,0,0,0,0,1,0,0
142B,52,382,24,0,0,0,0,0,0,1,0,0,0,0,0,0,0,0,1,0,0,0,0,0,1,0,0
142B,53,383,24,0,0,0,0,0,0,0,0,0,0,0,0,0,0,0,1,0,0,0,0,0,1,0,0
142B,54,384,24,0,0,0,0,0,0,0,0,0,0,0,0,0,0,0,1,0,0,0,0,0,1,0,0
142B,55,385,24,0,0,0,0,0,0,0,0,0,0,0,0,0,0,0,1,0,0,0,0,0,1,0,0
142B,56,386,24,0,0,0,0,0,0,0,0,0,0,0,0,0,0,0,1,0,0,0,0,0,1,0,0
142B,57,387,21,0,0,0,0,0,0,0,0,0,0,0,0,0,0,0,1,0,0,0,0,0,1,0,0
143A,1,388,8,1,1,1,1,1,1,1,1,1,1,1,1,1,1,1,1,1,1,1,1,1,1,1,1
143A,2,389,24,1,1,1,1,1,1,1,1,1,1,1,0,1,1,1,1,1,1,1,1,1,1,1,1
143A,3,390,24,1,1,1,1,1,1,1,1,1,0,0,0,1,1,1,1,1,1,1,1,1,1,1,1
143A,4,391,24,1,1,1,1,1,1,1,1,1,0,0,0,1,1,1,1,1,0,1,1,1,1,1,1
143A,5,392,24,1,1,1,1,1,1,1,1,1,0,0,0,1,1,1,1,1,0,1,1,1,1,1,1
143A,6,393,24,1,1,1,1,1,1,1,1,1,0,0,0,1,1,1,1,1,0,1,1,1,1,1,1
143A,7,394,24,1,1,1,1,1,1,1,1,1,0,0,0,1,1,1,1,1,0,1,1,1,1,1,1
143A,8,395,24,1,1,1,1,1,1,1,1,1,0,0,0,1,1,1,1,1,0,1,1,1,1,1,1
143A,9,396,24,1,1,1,1,1,1,1,1,0,0,0,0,1,1,1,1,1,0,1,1,1,1,1,1
143A,10,397,24,1,1,1,1,1,1,1,1,0,0,0,0,1,1,1,1,1,0,1,1,1,1,1,1
143A,11,398,24,1,1,1,1,1,1,1,1,0,0,0,0,1,1,1,1,1,0,1,1,1,1,1,1
143A,12,399,24,1,1,1,1,1,1,1,1,0,0,0,0,1,1,1,1,1,0,1,1,1,1,1,1
143A,13,400,24,1,1,1,1,1,1,1,1,0,0,0,0,1,1,1,1,1,0,1,1,1,1,1,1
143A,14,401,24,1,1,1,1,1,1,1,1,0,0,0,0,1,1,1,1,1,0,1,1,1,1,1,1
143A,15,402,24,1,1,1,1,1,1,1,1,0,0,0,0,1,1,1,1,1,0,1,1,1,1,1,1
143A,16,403,24,1,1,1,1,1,1,1,1,0,0,0,0,1,1,1,1,1,0,1,1,1,1,1,1
143A,17,404,24,1,1,1,1,1,1,1,1,0,0,0,0,1,1,1,1,1,0,1,1,1,1,1,1
143A,18,405,24,1,1,1,1,1,1,1,0,0,0,0,0,1,1,1,1,1,0,1,1,1,1,1,1
143A,19,406,24,1,1,1,1,1,1,1,0,0,0,0,0,1,1,1,1,1,0,1,1,1,1,1,1
143A,20,407,24,1,1,1,1,1,1,1,0,0,0,0,0,1,1,1,1,1,0,1,1,1,1,1,1
143A,21,408,24,1,1,1,1,1,1,1,0,0,0,0,0,1,1,1,1,1,0,1,1,1,1,1,1
143A,22,409,24,1,1,1,1,1,1,1,0,0,0,0,0,1,1,1,1,1,0,1,1,1,1,1,1
143A,23,410,24,1,1,1,1,1,1,0,0,0,0,0,0,1,1,1,1,1,0,1,1,1,1,1,1
143A,24,411,15,1,1,1,1,1,1,0,0,0,0,0,0,1,1,1,1,1,0,1,1,1,1,1,1
143A,25,412,449,1,1,1,1,1,1,0,0,0,0,0,0,1,1,1,1,1,0,1,1,1,1,1,1
143A,26,413,24,1,1,1,1,1,1,0,0,0,0,0,0,1,1,1,1,1,0,1,1,1,1,1,1
143A,27,414,24,1,1,1,1,1,1,0,0,0,0,0,0,1,1,1,1,0,0,1,1,1,1,1,1
143A,28,415,24,1,1,1,1,1,1,0,0,0,0,0,0,1,1,1,1,0,0,1,1,1,1,1,1
143A,29,416,24,1,1,1,1,1,1,0,0,0,0,0,0,1,1,1,1,0,0,1,1,1,1,1,1
143A,30,417,24,1,1,1,1,1,1,0,0,0,0,0,0,1,1,1,1,0,0,1,1,1,1,1,1
143A,31,418,24,1,1,1,1,1,1,0,0,0,0,0,0,1,1,0,1,0,0,1,1,1,1,1,1
143A,32,419,24,1,1,1,1,1,1,0,0,0,0,0,0,1,1,0,1,0,0,1,1,1,1,1,1
143A,33,420,24,1,1,1,1,1,1,0,0,0,0,0,0,1,0,0,1,0,0,1,1,1,1,1,1
143A,34,421,24,1,1,1,1,1,1,0,0,0,0,0,0,1,0,0,1,0,0,1,1,1,1,1,0
143A,35,422,24,1,1,1,1,1,1,0,0,0,0,0,0,1,0,0,1,0,0,1,1,1,1,1,0
143A,36,423,24,1,1,1,1,1,1,0,0,0,0,0,0,1,0,0,1,0,0,1,1,1,1,1,0
143A,37,424,24,1,1,1,1,1,1,0,0,0,0,0,0,0,0,0,1,0,0,1,1,1,1,1,0
143A,38,425,24,1,1,1,1,1,1,0,0,0,0,0,0,0,0,0,1,0,0,1,1,1,1,1,0
143A,39,426,24,1,1,1,1,1,1,0,0,0,0,0,0,0,0,0,1,0,0,1,1,1,1,0,0
143A,40,427,24,1,1,1,1,1,1,0,0,0,0,0,0,0,0,0,1,0,0,1,1,1,1,0,0
143A,41,428,28,1,1,1,1,1,1,0,0,0,0,0,0,0,0,0,1,0,0,1,1,1,1,0,0
143A,42,429,112,1,1,1,1,1,1,0,0,0,0,0,0,0,0,0,1,0,0,1,1,1,1,0,0
143A,43,430,8,1,1,1,1,1,1,0,0,0,0,0,0,0,0,0,1,0,0,1,1,1,1,0,0
143A,44,431,24,1,1,1,1,1,0,0,0,0,0,0,0,0,0,0,1,0,0,1,1,0,1,0,0
143A,45,432,24,1,1,1,1,1,0,0,0,0,0,0,0,0,0,0,1,0,0,1,1,0,1,0,0
143A,46,433,24,1,1,1,1,1,0,0,0,0,0,0,0,0,0,0,1,0,0,1,0,0,1,0,0
143A,47,434,24,1,1,1,1,1,0,0,0,0,0,0,0,0,0,0,1,0,0,1,0,0,1,0,0
143A,48,435,24,1,1,1,1,1,0,0,0,0,0,0,0,0,0,0,1,0,0,1,0,0,1,0,0
143A,49,436,24,1,1,1,1,1,0,0,0,0,0,0,0,0,0,0,1,0,0,0,0,0,1,0,0
143A,50,437,24,1,1,1,1,1,0,0,0,0,0,0,0,0,0,0,1,0,0,0,0,0,1,0,0
143A,51,438,24,1,1,1,1,0,0,0,0,0,0,0,0,0,0,0,1,0,0,0,0,0,1,0,0
143A,52,439,24,1,1,1,0,0,0,0,0,0,0,0,0,0,0,0,1,0,0,0,0,0,1,0,0
143A,53,440,22,1,1,0,0,0,0,0,0,0,0,0,0,0,0,0,1,0,0,0,0,0,1,0,0
143B,1,441,8,1,1,1,1,1,1,1,1,1,1,1,1,1,1,1,1,1,1,1,1,1,1,1,1
143B,2,442,24,1,1,1,1,1,1,1,1,1,1,1,1,1,1,1,1,1,1,1,1,1,1,1,1
143B,3,443,24,1,1,1,1,1,1,1,1,1,1,1,1,1,1,1,1,1,1,1,1,1,1,0,0
143B,4,444,24,1,1,1,1,1,1,1,1,1,1,1,1,1,1,1,1,1,1,1,1,1,1,0,0
143B,5,445,24,1,1,1,1,1,1,1,1,1,1,1,1,1,1,1,1,1,1,1,1,1,1,0,0
143B,6,446,24,1,1,1,1,1,1,1,1,1,1,1,1,1,1,1,1,1,0,1,1,1,1,0,0
143B,7,447,24,1,1,1,1,1,1,1,1,1,1,1,1,1,1,1,1,1,0,1,1,1,1,0,0
143B,8,448,24,1,1,1,1,1,1,1,1,1,1,1,1,1,1,1,1,1,0,1,1,1,1,0,0
143B,9,449,24,1,1,1,1,1,1,1,1,1,1,1,1,1,1,1,1,0,0,1,1,1,1,0,0
143B,10,450,24,1,1,1,1,1,1,1,1,1,1,1,1,1,1,1,1,0,0,1,1,1,1,0,0
143B,11,451,24,1,1,1,1,1,1,1,1,1,1,1,1,1,1,1,1,0,0,1,1,1,1,0,0
143B,12,452,24,1,1,1,1,1,1,1,1,1,1,1,1,1,1,1,1,0,0,1,1,1,1,0,0
143B,13,453,24,1,1,1,1,1,1,1,1,1,1,1,1,1,1,1,1,0,0,1,1,1,1,0,0
143B,14,454,24,1,1,1,1,1,1,1,1,1,1,1,0,1,1,1,1,0,0,1,1,1,1,0,0
143B,15,455,24,1,1,1,1,1,1,1,1,1,1,1,0,1,1,1,1,0,0,1,1,1,1,0,0
143B,16,456,24,1,1,1,1,1,1,1,1,1,1,1,0,1,1,0,1,0,0,1,1,1,1,0,0
143B,17,457,24,1,1,1,1,1,1,1,1,1,1,1,0,1,1,0,1,0,0,1,1,1,1,0,0
143B,18,458,24,1,1,1,1,1,1,1,1,1,1,1,0,1,1,0,1,0,0,1,1,1,1,0,0
143B,19,459,24,1,1,1,1,1,1,1,1,1,1,1,0,1,0,0,1,0,0,1,1,1,1,0,0
143B,20,460,24,1,1,1,1,1,1,1,1,1,1,1,0,1,0,0,1,0,0,1,1,1,1,0,0
143B,21,461,24,1,1,1,1,1,1,1,1,1,1,1,0,1,0,0,1,0,0,1,1,1,1,0,0
143B,22,462,24,1,1,1,1,1,1,1,1,1,1,0,0,1,0,0,1,0,0,1,1,1,1,0,0
143B,23,463,24,1,1,1,1,1,1,1,1,1,1,0,0,1,0,0,1,0,0,1,1,1,1,0,0
143B,24,464,24,1,1,1,1,1,1,1,1,1,1,0,0,1,0,0,1,0,0,1,1,1,1,0,0
143B,25,465,24,1,1,1,1,1,1,1,1,1,1,0,0,0,0,0,1,0,0,1,1,1,1,0,0
143B,26,466,24,1,1,1,1,1,1,1,1,1,1,0,0,0,0,0,1,0,0,1,1,1,1,0,0
143B,27,467,24,1,1,1,1,1,1,1,1,1,1,0,0,0,0,0,1,0,0,1,1,1,1,0,0
143B,28,468,24,1,1,1,1,1,1,1,1,1,0,0,0,0,0,0,1,0,0,1,1,1,1,0,0
143B,29,469,53,1,1,1,1,1,1,1,1,1,0,0,0,0,0,0,1,0,0,1,1,1,1,0,0
143B,30,470,24,1,1,1,1,1,1,1,1,1,0,0,0,0,0,0,1,0,0,1,1,1,1,0,0
143B,31,471,24,1,1,1,1,1,1,1,1,1,0,0,0,0,0,0,1,0,0,1,1,1,1,0,0
143B,32,472,24,1,1,1,1,1,0,1,1,1,0,0,0,0,0,0,1,0,0,1,1,1,1,0,0
143B,33,473,24,1,1,1,1,1,0,1,1,1,0,0,0,0,0,0,1,0,0,1,1,1,1,0,0
143B,34,474,24,1,1,1,1,1,0,1,1,1,0,0,0,0,0,0,1,0,0,1,1,1,1,0,0
143B,35,475,24,1,1,1,1,1,0,1,1,0,0,0,0,0,0,0,1,0,0,1,1,1,1,0,0
143B,36,476,24,1,1,1,1,1,0,1,1,0,0,0,0,0,0,0,1,0,0,1,1,1,1,0,0
143B,37,477,24,1,1,1,1,1,0,1,1,0,0,0,0,0,0,0,1,0,0,1,1,0,1,0,0
143B,38,478,24,1,1,1,1,1,0,1,1,0,0,0,0,0,0,0,1,0,0,1,1,0,1,0,0
143B,39,479,24,1,1,1,1,0,0,1,1,0,0,0,0,0,0,0,1,0,0,1,1,0,1,0,0
143B,40,480,24,1,1,1,1,0,0,1,1,0,0,0,0,0,0,0,1,0,0,1,0,0,1,0,0
143B,41,481,24,1,1,1,1,0,0,1,1,0,0,0,0,0,0,0,1,0,0,0,0,0,1,0,0
143B,42,482,24,1,1,1,1,0,0,1,1,0,0,0,0,0,0,0,1,0,0,0,0,0,1,0,0
143B,43,483,24,1,1,1,0,0,0,1,1,1,1,0,0,0,0,0,1,0,0,0,0,0,1,0,0
143B,44,484,24,1,1,1,0,0,0,1,1,1,1,0,0,0,0,0,1,0,0,0,0,0,1,0,0
143B,45,485,24,1,1,1,0,0,0,1,1,1,0,0,0,0,0,0,1,0,0,0,0,0,1,0,0
143B,46,486,24,1,1,0,0,0,0,1,1,1,0,0,0,0,0,0,1,0,0,0,0,0,1,0,0
143B,47,487,24,1,1,0,0,0,0,1,1,1,0,0,0,0,0,0,1,0,0,0,0,0,1,0,0
143B,48,488,24,1,1,0,0,0,0,1,1,1,0,0,0,0,0,0,1,0,0,0,0,0,1,0,0
143B,49,489,24,1,0,0,0,0,0,1,1,1,0,0,0,0,0,0,1,0,0,0,0,0,1,0,0
143B,50,490,24,1,0,0,0,0,0,1,1,0,0,0,0,0,0,0,1,0,0,0,0,0,1,0,0
143B,51,491,24,1,0,0,0,0,0,1,1,0,0,0,0,0,0,0,1,0,0,0,0,0,1,0,0
143B,52,492,24,1,0,0,0,0,0,1,1,0,0,0,0,0,0,0,1,0,0,0,0,0,1,0,0
143B,53,493,24,0,0,0,0,0,0,1,1,0,0,0,0,0,0,0,1,0,0,0,0,0,1,0,0
143B,54,494,24,0,0,0,0,0,0,1,0,0,0,0,0,0,0,0,1,0,0,0,0,0,1,0,0
143B,55,495,24,0,0,0,0,0,0,1,0,0,0,0,0,0,0,0,1,0,0,0,0,0,1,0,0
143B,56,496,24,0,0,0,0,0,0,0,0,0,0,0,0,0,0,0,1,0,0,0,0,0,1,0,0
143B,57,497,24,0,0,0,0,0,0,0,0,0,0,0,0,0,0,0,1,0,0,0,0,0,1,0,0
143B,58,498,24,0,0,0,0,0,0,0,0,0,0,0,0,0,0,0,1,0,0,0,0,0,1,0,0
143B,59,499,24,0,0,0,0,0,0,0,0,0,0,0,0,0,0,0,1,0,0,0,0,0,1,0,0
143B,60,500,9,0,0,0,0,0,0,0,0,0,0,0,0,0,0,0,1,0,0,0,0,0,1,0,0
144A,1,501,8,1,1,1,1,1,1,1,1,1,1,1,1,1,1,1,1,1,1,1,1,1,1,1,1
144A,2,502,24,1,1,1,1,1,1,1,1,1,1,1,1,1,1,1,1,1,0,1,1,1,1,1,0
144A,3,503,24,1,1,1,1,1,1,1,1,1,1,1,1,1,1,1,1,1,0,1,1,1,1,0,0
144A,4,504,24,1,1,1,1,1,1,1,1,1,1,1,1,1,1,1,1,1,0,1,1,1,1,0,0
144A,5,505,24,1,1,1,1,1,1,1,1,1,1,1,1,1,1,1,1,1,0,1,1,1,1,0,0
144A,6,506,24,1,1,1,1,1,1,1,1,1,1,1,1,1,1,1,1,1,0,1,1,1,1,0,0
144A,7,507,24,1,1,1,1,1,1,1,1,1,1,1,1,1,1,1,1,1,0,1,1,0,1,0,0
144A,8,508,24,1,1,1,1,1,1,1,1,1,1,1,1,1,1,1,1,1,0,1,1,0,1,0,0
144A,9,509,24,1,1,1,1,1,1,1,1,1,1,1,1,1,1,1,1,1,0,1,1,0,1,0,0
144A,10,510,24,1,1,1,1,1,1,1,1,1,1,1,1,1,1,1,1,1,0,1,1,0,1,0,0
144A,11,511,24,1,1,1,1,1,1,1,1,1,1,1,1,1,1,1,1,0,0,1,1,0,1,0,0
144A,12,512,24,1,1,1,1,1,1,1,1,1,1,1,0,1,1,1,1,0,0,1,1,0,1,0,0
144A,13,513,24,1,1,1,1,1,1,1,1,1,1,1,0,1,1,1,1,0,0,1,1,0,1,0,0
144A,14,514,24,1,1,1,1,1,1,1,1,1,1,0,0,1,1,1,1,0,0,1,1,0,1,0,0
144A,15,515,24,1,1,1,1,1,1,1,1,1,1,0,0,1,1,1,1,0,0,1,1,0,1,0,0
144A,16,516,24,1,1,1,1,1,1,1,1,1,1,0,0,1,1,1,1,0,0,1,1,0,1,0,0
144A,17,517,24,1,1,1,1,1,1,1,1,1,1,0,0,1,1,1,1,0,0,1,1,0,1,0,0
144A,18,518,24,1,1,1,1,1,1,1,1,1,1,0,0,1,1,1,1,0,0,1,1,0,1,0,0
144A,19,519,24,1,1,1,1,1,1,1,1,1,1,0,0,1,1,1,1,0,0,1,1,0,1,0,0
144A,20,520,24,1,1,1,1,1,1,1,1,1,1,0,0,1,1,1,1,0,0,1,1,0,1,0,0
144A,21,521,24,1,1,1,1,1,1,1,1,1,0,0,0,1,1,1,1,0,0,1,1,0,1,0,0
144A,22,522,24,1,1,1,1,1,1,1,1,1,0,0,0,1,1,1,1,0,0,1,1,0,1,0,0
144A,23,523,24,1,1,1,1,1,1,1,1,1,0,0,0,1,1,0,1,0,0,1,1,0,1,0,0
144A,24,524,24,1,1,1,1,1,1,1,1,1,0,0,0,1,1,0,1,0,0,1,1,0,1,0,0
144A,25,525,24,1,1,1,1,1,1,1,1,1,0,0,0,1,1,0,1,0,0,1,1,0,1,0,0
144A,26,526,24,1,1,1,1,1,1,1,1,1,0,0,0,1,1,0,1,0,0,1,0,0,1,0,0
144A,27,527,24,1,1,1,1,1,1,1,1,1,0,0,0,1,1,0,1,0,0,1,0,0,1,0,0
144A,28,528,24,1,1,1,1,1,1,1,1,1,0,0,0,1,1,0,1,0,0,1,0,0,1,0,0
144A,29,529,24,1,1,1,1,1,1,1,1,1,0,0,0,1,1,0,1,0,0,1,0,0,1,0,0
144A,30,530,24,1,1,1,1,1,1,1,1,1,0,0,0,1,1,0,1,0,0,1,0,0,1,0,0
144A,31,531,24,1,1,1,1,1,1,1,1,1,0,0,0,1,0,0,1,0,0,1,0,0,1,0,0
144A,32,532,24,1,1,1,1,1,1,1,1,1,0,0,0,1,0,0,1,0,0,1,0,0,1,0,0
144A,33,533,24,1,1,1,1,1,1,1,1,1,0,0,0,1,0,0,1,0,0,1,0,0,1,0,0
144A,34,534,24,1,1,1,1,1,1,1,1,0,0,0,0,1,0,0,1,0,0,1,0,0,1,0,0
144A,35,535,24,1,1,1,1,1,1,1,1,0,0,0,0,1,0,0,1,0,0,1,0,0,1,0,0
144A,36,536,24,1,1,1,1,1,1,1,1,0,0,0,0,1,0,0,1,0,0,1,0,0,1,0,0
144A,37,537,24,1,1,1,1,1,1,1,1,0,0,0,0,1,0,0,1,0,0,1,0,0,1,0,0
144A,38,538,24,1,1,1,1,0,0,1,1,0,0,0,0,1,0,0,1,0,0,1,0,0,1,0,0
144A,39,539,24,1,1,1,1,0,0,1,1,0,0,0,0,0,0,0,1,0,0,1,0,0,1,0,0
144A,40,540,24,1,1,1,1,0,0,1,1,0,0,0,0,0,0,0,1,0,0,1,0,0,1,0,0
144A,41,541,24,1,1,1,1,0,0,1,1,0,0,0,0,0,0,0,1,0,0,1,0,0,1,0,0
144A,42,542,24,1,1,1,1,0,0,1,1,0,0,0,0,0,0,0,1,0,0,1,0,0,1,0,0
144A,43,543,24,1,1,1,1,0,0,1,1,0,0,0,0,0,0,0,1,0,0,1,0,0,1,0,0
144A,44,544,24,1,1,1,1,0,0,1,1,0,0,0,0,0,0,0,1,0,0,1,0,0,1,0,0
144A,45,545,18,1,1,1,1,0,0,1,1,0,0,0,0,0,0,0,1,0,0,1,0,0,1,0,0
144B,1,546,8,1,1,1,1,1,1,1,1,1,1,1,1,1,1,1,1,1,1,1,1,1,1,1,1
144B,2,547,24,1,1,1,1,1,0,1,1,1,1,1,1,1,1,1,1,1,1,1,1,1,1,1,1
144B,3,548,24,1,1,1,1,1,0,1,1,1,1,1,0,1,1,1,1,1,1,1,1,1,1,1,1
144B,4,549,24,1,1,1,1,1,0,1,1,1,1,1,0,1,1,1,1,1,0,1,1,1,1,1,1
144B,5,550,24,1,1,1,1,1,0,1,1,1,1,1,0,1,1,1,1,1,0,1,1,1,1,1,1
144B,6,551,24,1,1,1,1,1,0,1,1,1,1,1,0,1,1,1,1,1,0,1,1,1,1,1,1
144B,7,552,24,1,1,1,1,1,0,1,1,1,1,1,0,1,1,1,1,1,0,1,1,1,1,1,1
144B,8,553,24,1,1,1,1,1,0,1,1,1,1,1,0,1,1,1,1,1,0,1,1,1,1,1,1
144B,9,554,24,1,1,1,1,1,0,1,1,1,1,1,0,1,1,1,1,1,0,1,1,1,1,1,0
144B,10,555,24,1,1,1,1,1,0,1,1,1,1,1,0,1,1,1,1,1,0,1,1,1,1,1,0
144B,11,556,24,1,1,1,1,1,0,1,1,1,1,0,0,1,1,1,1,1,0,1,1,1,1,1,0
144B,12,557,24,1,1,1,1,1,0,1,1,1,0,0,0,1,1,1,1,1,0,1,1,1,1,1,0
144B,13,558,24,1,1,1,1,1,0,1,1,1,0,0,0,1,1,1,1,1,0,1,1,1,1,1,0
144B,14,559,24,1,1,1,1,1,0,1,1,1,0,0,0,1,1,1,1,1,0,1,1,1,1,1,0
144B,15,560,24,1,1,1,1,1,0,1,1,1,0,0,0,1,1,1,1,1,0,1,1,1,1,1,0
144B,16,561,24,1,1,1,1,1,0,1,1,1,0,0,0,1,1,1,1,1,0,1,1,1,1,1,0
144B,17,562,24,1,1,1,1,1,0,1,1,1,0,0,0,1,1,1,1,1,0,1,1,1,1,1,0
144B,18,563,24,1,1,1,1,1,0,1,1,1,0,0,0,1,1,1,1,1,0,1,1,1,1,1,0
144B,19,564,24,1,1,1,1,1,0,1,1,1,0,0,0,1,1,1,1,1,0,1,1,1,1,1,0
144B,20,565,24,1,1,1,1,1,0,1,1,1,0,0,0,1,1,1,1,1,0,1,1,1,1,1,0
144B,21,566,24,1,1,1,1,1,0,1,1,1,0,0,0,1,1,1,1,1,0,1,1,1,1,1,0
144B,22,567,19,1,1,1,1,1,0,1,1,1,0,0,0,1,1,1,1,1,0,1,1,1,1,1,0
144B,23,568,66,1,1,1,1,1,0,1,1,1,0,0,0,1,1,1,1,1,0,1,1,1,1,1,0
144B,24,569,19,1,1,1,1,1,0,1,1,1,0,0,0,1,1,1,1,1,0,1,1,1,1,1,0
144B,25,570,24,1,1,1,1,1,0,1,1,1,0,0,0,1,1,1,1,1,0,1,1,1,1,1,0
144B,26,571,24,1,1,1,1,1,0,1,1,1,0,0,0,1,1,1,1,1,0,1,1,1,1,1,0
144B,27,572,24,1,1,1,1,0,0,1,1,1,0,0,0,1,1,1,1,1,0,1,1,1,1,1,0
144B,28,573,24,1,1,1,1,0,0,1,1,1,0,0,0,1,1,1,1,1,0,1,1,1,1,1,0
144B,29,574,24,1,1,1,1,0,0,1,1,1,0,0,0,1,1,1,1,1,0,1,1,1,1,1,0
144B,30,575,24,1,1,1,1,0,0,1,1,1,0,0,0,1,1,1,1,1,0,1,1,1,1,1,0
144B,31,576,24,1,1,1,1,0,0,1,1,1,0,0,0,1,1,1,1,1,0,1,1,1,1,0,0
144B,32,577,24,1,1,1,1,0,0,1,1,1,0,0,0,1,1,1,1,1,0,1,1,1,1,0,0
144B,33,578,24,1,1,1,0,0,0,1,1,1,0,0,0,1,1,1,1,1,0,1,1,1,1,0,0
144B,34,579,24,1,1,1,0,0,0,1,1,1,0,0,0,1,1,1,1,1,0,1,1,1,1,0,0
144B,35,580,24,1,1,1,0,0,0,1,1,1,0,0,0,1,1,1,1,1,0,1,1,1,1,0,0
144B,36,581,24,1,1,1,0,0,0,1,1,1,0,0,0,1,1,1,1,0,0,1,1,0,1,0,0
144B,37,582,24,1,1,1,0,0,0,1,1,1,0,0,0,1,1,1,1,0,0,1,1,0,1,0,0
144B,38,583,24,1,1,1,0,0,0,1,1,0,0,0,0,1,1,1,1,0,0,1,1,0,1,0,0
144B,39,584,24,1,1,1,0,0,0,1,1,0,0,0,0,1,1,1,1,0,0,1,1,0,1,0,0
144B,40,585,24,1,1,1,0,0,0,1,1,0,0,0,0,1,1,1,1,0,0,1,1,0,1,0,0
144B,41,586,24,1,1,0,0,0,0,1,1,0,0,0,0,1,1,1,1,0,0,1,1,0,1,0,0
144B,42,587,24,1,1,0,0,0,0,1,1,0,0,0,0,1,1,1,1,0,0,1,1,0,1,0,0
144B,43,588,24,1,1,0,0,0,0,1,1,0,0,0,0,1,1,1,1,0,0,1,1,0,1,0,0
144B,44,589,24,1,1,0,0,0,0,1,1,0,0,0,0,1,1,1,1,0,0,1,1,0,1,0,0
144B,45,590,24,1,1,0,0,0,0,1,1,0,0,0,0,1,1,1,1,0,0,1,0,0,1,0,0
144B,46,591,24,1,1,0,0,0,0,1,1,0,0,0,0,1,1,1,1,0,0,1,0,0,1,0,0
144B,47,592,24,1,1,0,0,0,0,1,1,0,0,0,0,1,1,1,1,0,0,1,0,0,1,0,0
144B,48,593,24,1,1,0,0,0,0,1,1,0,0,0,0,1,1,0,1,0,0,1,0,0,1,0,0
144B,49,594,24,1,0,0,0,0,0,1,1,0,0,0,0,1,1,0,1,0,0,1,0,0,1,0,0
144B,50,595,24,1,0,0,0,0,0,1,0,0,0,0,0,1,1,0,1,0,0,0,0,0,1,0,0
144B,51,596,24,1,0,0,0,0,0,1,0,0,0,0,0,1,1,0,1,0,0,0,0,0,1,0,0
144B,52,597,24,1,0,0,0,0,0,1,0,0,0,0,0,1,1,0,1,0,0,0,0,0,1,0,0
144B,53,598,24,1,0,0,0,0,0,1,0,0,0,0,0,1,0,0,1,0,0,0,0,0,1,0,0
144B,54,599,27,1,0,0,0,0,0,1,0,0,0,0,0,1,0,0,1,0,0,0,0,0,1,0,0
145A,1,600,11,1,1,1,1,1,1,1,1,1,1,1,1,1,1,1,1,1,1,1,1,1,1,1,1
145A,2,601,11,1,1,1,1,1,1,1,1,1,1,1,1,1,1,1,1,1,1,1,1,1,1,1,1
145A,3,602,24,1,1,1,1,1,1,1,1,1,1,1,1,1,1,1,1,1,1,1,1,1,1,1,1
145A,4,603,24,1,1,1,1,1,1,1,1,1,1,1,1,1,1,1,1,1,1,1,1,1,1,1,1
145A,5,604,24,1,1,1,1,1,1,1,1,1,1,1,1,1,1,1,1,1,1,1,1,1,1,1,1
145A,6,605,24,1,1,1,1,1,1,1,1,1,1,1,0,1,1,1,1,1,1,1,1,1,1,1,1
145A,7,606,24,1,1,1,1,1,1,1,1,1,1,1,0,1,1,1,1,1,1,1,1,1,1,1,1
145A,8,607,24,1,1,1,1,1,1,1,1,1,1,1,0,1,1,1,1,1,1,1,1,1,1,1,1
145A,9,608,24,1,1,1,1,1,1,1,1,1,1,1,0,1,1,1,1,1,1,1,1,1,1,1,1
145A,10,609,24,1,1,1,1,1,1,1,1,1,1,1,0,1,1,1,1,1,1,1,1,1,1,1,1
145A,11,610,24,1,1,1,1,1,1,1,1,1,1,1,0,1,1,1,1,1,1,1,1,1,1,1,1
145A,12,611,24,1,1,1,1,1,1,1,1,1,1,0,0,1,1,1,1,1,1,1,1,1,1,1,1
145A,13,612,24,1,1,1,1,1,1,1,1,1,1,0,0,1,1,1,1,1,1,1,1,1,1,1,1
145A,14,613,24,1,1,1,1,1,1,1,1,1,1,0,0,1,1,1,1,1,1,1,1,1,1,1,1
145A,15,614,24,1,1,1,1,1,1,1,1,1,1,0,0,1,1,1,1,1,1,1,1,1,1,1,0
145A,16,615,24,1,1,1,1,1,1,1,1,1,1,0,0,1,1,1,1,1,1,1,1,1,1,1,0
145A,17,616,24,1,1,1,1,1,1,1,1,1,1,0,0,1,1,1,1,1,1,1,1,1,1,1,0
145A,18,617,24,1,1,1,1,1,1,1,1,1,1,0,0,1,1,1,1,1,1,1,1,1,1,1,0
145A,19,618,24,1,1,1,1,1,1,1,1,1,1,0,0,1,1,1,1,1,1,1,1,1,1,1,0
145A,20,619,24,1,1,1,1,1,1,1,1,1,1,0,0,1,1,1,1,1,1,1,1,1,1,1,0
145A,21,620,24,1,1,1,1,1,1,1,1,1,0,0,0,1,1,1,1,1,1,1,1,1,1,1,0
145A,22,621,24,1,1,1,1,1,1,1,1,1,0,0,0,1,1,1,1,1,1,1,1,1,1,0,0
145A,23,622,24,1,1,1,1,1,1,1,1,1,0,0,0,1,1,1,1,1,1,1,1,1,1,0,0
145A,24,623,24,1,1,1,1,1,1,1,1,1,0,0,0,1,1,1,1,1,1,1,1,1,1,0,0
145A,25,624,24,1,1,1,1,1,1,1,1,1,0,0,0,1,1,1,1,1,1,1,1,1,1,0,0
145A,26,625,8,1,1,1,1,1,1,1,1,1,0,0,0,1,1,1,1,1,1,1,1,1,1,0,0
145A,27,626,43,1,1,1,1,1,1,1,1,1,0,0,0,1,1,1,1,1,1,1,1,1,1,0,0
145A,28,627,12,1,1,1,1,1,1,1,1,1,0,0,0,1,1,1,1,1,1,1,1,1,1,0,0
145A,29,628,10,1,1,1,1,1,1,1,1,1,0,0,0,1,1,1,1,1,1,1,1,1,1,0,0
145A,30,629,24,1,1,1,1,1,1,1,1,1,0,0,0,1,1,1,1,1,1,1,1,1,1,0,0
145A,31,630,24,1,1,1,1,1,0,1,1,1,0,0,0,1,1,1,1,1,1,1,1,1,1,0,0
145A,32,631,24,1,1,1,1,1,0,1,1,1,0,0,0,1,1,1,1,1,1,1,1,1,1,0,0
145A,33,632,24,1,1,1,1,1,0,1,1,1,0,0,0,1,1,1,1,1,1,1,1,1,1,0,0
145A,34,633,24,1,1,1,1,1,0,1,1,1,0,0,0,1,1,1,1,1,0,1,1,1,1,0,0
145A,35,634,25,1,1,1,1,1,0,1,1,1,0,0,0,1,1,1,1,1,0,1,1,1,1,0,0
145A,36,635,60,1,1,1,1,1,0,1,1,1,0,0,0,1,1,1,1,1,0,1,1,1,1,0,0
145A,37,636,11,1,1,1,1,1,0,1,1,1,0,0,0,1,1,1,1,1,0,1,1,1,1,0,0
145A,38,637,24,1,1,1,1,1,0,1,1,0,0,0,0,1,1,1,1,1,0,1,1,1,1,0,0
145A,39,638,18,1,1,1,1,1,0,1,1,0,0,0,0,1,1,1,1,1,0,1,1,1,1,0,0
145A,40,639,58,1,1,1,1,1,0,1,1,0,0,0,0,1,1,1,1,1,0,1,1,1,1,0,0
145A,41,640,8,1,1,1,1,1,0,1,1,0,0,0,0,1,1,1,1,1,0,1,1,1,1,0,0
145A,42,641,12,1,1,1,1,1,0,1,1,0,0,0,0,1,1,1,1,1,0,1,1,1,1,0,0
145A,43,642,24,1,1,1,1,1,0,1,1,0,0,0,0,1,1,1,1,1,0,1,1,1,1,0,0
145A,44,643,24,1,1,1,1,1,0,1,1,0,0,0,0,1,1,1,1,1,0,1,1,1,1,0,0
145A,45,644,24,1,1,1,1,1,0,1,1,0,0,0,0,1,1,1,1,1,0,1,1,1,1,0,0
145A,46,645,24,1,1,1,1,0,0,1,1,0,0,0,0,1,1,1,1,1,0,1,1,1,1,0,0
145A,47,646,24,1,1,1,1,0,0,1,0,0,0,0,0,1,1,1,1,1,0,1,1,1,1,0,0
145A,48,647,24,1,1,1,1,0,0,1,0,0,0,0,0,1,1,1,1,1,0,1,1,1,1,0,0
145A,49,648,24,1,1,1,1,0,0,1,0,0,0,0,0,1,1,1,1,0,0,1,1,1,1,0,0
145A,50,649,24,1,1,1,1,0,0,1,0,0,0,0,0,1,1,1,1,0,0,1,1,1,1,0,0
145A,51,650,24,1,1,1,1,0,0,0,0,0,0,0,0,1,1,1,1,0,0,1,1,1,1,0,0
145A,52,651,24,1,1,1,1,0,0,0,0,0,0,0,0,1,1,1,1,0,0,1,1,1,1,0,0
145A,53,652,24,1,1,1,1,0,0,0,0,0,0,0,0,1,1,0,1,0,0,1,1,1,1,0,0
145A,54,653,24,1,1,1,1,0,0,0,0,0,0,0,0,1,1,0,1,0,0,1,1,0,1,0,0
145A,55,654,24,1,1,1,1,0,0,0,0,0,0,0,0,1,1,0,1,0,0,1,1,0,1,0,0
145A,56,655,24,1,1,1,1,0,0,0,0,0,0,0,0,1,1,0,1,0,0,1,1,0,1,0,0
145A,57,656,24,1,1,1,1,0,0,0,0,0,0,0,0,1,1,0,1,0,0,1,0,0,1,0,0
145A,58,657,24,1,1,1,1,0,0,0,0,0,0,0,0,1,1,0,1,0,0,1,0,0,1,0,0
145A,59,658,24,1,1,1,1,0,0,0,0,0,0,0,0,1,1,0,1,0,0,1,0,0,1,0,0
145A,60,659,24,1,1,1,1,0,0,0,0,0,0,0,0,1,0,0,1,0,0,1,0,0,1,0,0
145A,61,660,24,1,1,1,0,0,0,0,0,0,0,0,0,1,0,0,1,0,0,1,0,0,1,0,0
145A,62,661,24,1,1,1,0,0,0,0,0,0,0,0,0,1,0,0,1,0,0,1,0,0,1,0,0
145A,63,662,29,1,1,1,0,0,0,0,0,0,0,0,0,1,0,0,1,0,0,0,0,0,1,0,0